month,inlet,DOdeep(mg/L)
Jan,dyes,7.928137
Feb,dyes,8.182768
Mar,dyes,8.643512
Apr,dyes,8.951936
May,dyes,9.290741
Jun,dyes,9.190293
Jul,dyes,8.883303
Aug,dyes,7.9403725
Sep,dyes,6.919676
Oct,dyes,6.845115
Nov,dyes,7.2338114
Dec,dyes,7.746079
Jan,sinclair,7.6869984
Feb,sinclair,7.987377
Mar,sinclair,8.299518
Apr,sinclair,8.676312
May,sinclair,8.889606
Jun,sinclair,8.4488945
Jul,sinclair,7.950621
Aug,sinclair,6.939732
Sep,sinclair,6.1928806
Oct,sinclair,6.401308
Nov,sinclair,6.6967335
Dec,sinclair,7.657016
Jan,quartermaster,7.7006927
Feb,quartermaster,7.843548
Mar,quartermaster,7.9225016
Apr,quartermaster,8.004855
May,quartermaster,8.333029
Jun,quartermaster,7.9654093
Jul,quartermaster,7.446603
Aug,quartermaster,6.2995334
Sep,quartermaster,5.559152
Oct,quartermaster,6.036963
Nov,quartermaster,6.397911
Dec,quartermaster,7.0284343
Jan,case,8.104784
Feb,case,7.989254
Mar,case,7.7538643
Apr,case,7.36019
May,case,6.6386814
Jun,case,5.665236
Jul,case,4.7279015
Aug,case,4.520763
Sep,case,4.6596365
Oct,case,5.5249567
Nov,case,6.666931
Dec,case,7.1749163
Jan,crescent,7.2996216
Feb,crescent,7.2494664
Mar,crescent,7.912067
Apr,crescent,8.128024
May,crescent,7.730589
Jun,crescent,7.17642
Jul,crescent,6.5222464
Aug,crescent,5.6346884
Sep,crescent,4.821297
Oct,crescent,4.9313855
Nov,crescent,6.1249666
Dec,crescent,6.4210763
Jan,carr,7.979212
Feb,carr,8.015084
Mar,carr,7.811323
Apr,carr,7.735426
May,carr,7.4905787
Jun,carr,6.921903
Jul,carr,6.195819
Aug,carr,5.4492335
Sep,carr,5.0493503
Oct,carr,5.0936885
Nov,carr,5.959603
Dec,carr,7.1221037
Jan,elliott,6.939
Feb,elliott,7.517911
Mar,elliott,7.971222
Apr,elliott,8.253781
May,elliott,8.276209
Jun,elliott,7.725111
Jul,elliott,7.0815396
Aug,elliott,6.184078
Sep,elliott,5.5314355
Oct,elliott,5.3315387
Nov,elliott,5.745346
Dec,elliott,6.675877
Jan,commencement,6.459314
Feb,commencement,7.225907
Mar,commencement,7.840143
Apr,commencement,8.044354
May,commencement,8.081854
Jun,commencement,7.491426
Jul,commencement,6.970204
Aug,commencement,5.976436
Sep,commencement,5.2413483
Oct,commencement,5.0681148
Nov,commencement,5.390028
Dec,commencement,6.2815247
Jan,penn,6.5852847
Feb,penn,6.499932
Mar,penn,6.997438
Apr,penn,7.17184
May,penn,6.78761
Jun,penn,6.284449
Jul,penn,5.416658
Aug,penn,4.238215
Sep,penn,3.0393703
Oct,penn,3.6345704
Nov,penn,4.9391017
Dec,penn,5.763701
Jan,portsusan,6.952375
Feb,portsusan,7.3694777
Mar,portsusan,7.96643
Apr,portsusan,8.129546
May,portsusan,8.11136
Jun,portsusan,7.838913
Jul,portsusan,7.2416863
Aug,portsusan,6.2428346
Sep,portsusan,5.4488554
Oct,portsusan,5.2623043
Nov,portsusan,6.001325
Dec,portsusan,6.5160093
Jan,holmes,6.082372
Feb,holmes,6.0782723
Mar,holmes,6.5875387
Apr,holmes,6.822367
May,holmes,6.0112653
Jun,holmes,4.971818
Jul,holmes,3.795112
Aug,holmes,3.1804614
Sep,holmes,2.7316062
Oct,holmes,3.3144653
Nov,holmes,3.883697
Dec,holmes,5.483745
Jan,dabob,3.8057835
Feb,dabob,4.1047387
Mar,dabob,4.243548
Apr,dabob,4.167316
May,dabob,3.8845599
Jun,dabob,3.5085437
Jul,dabob,3.1070087
Aug,dabob,2.6865187
Sep,dabob,2.5110192
Oct,dabob,2.8778007
Nov,dabob,4.0552993
Dec,dabob,4.285678
Jan,lynchcove,3.2427964
Feb,lynchcove,3.6471336
Mar,lynchcove,3.509385
Apr,lynchcove,3.2734396
May,lynchcove,2.8307853
Jun,lynchcove,2.4713793
Jul,lynchcove,1.8799677
Aug,lynchcove,1.2681589
Sep,lynchcove,0.92034805
Oct,lynchcove,1.039222
Nov,lynchcove,1.274259
Dec,lynchcove,2.0529916
