time,inlet,layer,DO_mgL
2015-01-20 21:47:44,elliott (ELB015),surface,8.4793994140625
2015-03-04 19:22:40,elliott (ELB015),surface,8.6897001953125
2015-04-15 18:33:36,elliott (ELB015),surface,10.5647998046875
2015-06-08 18:10:08,elliott (ELB015),surface,10.0935
2015-08-13 11:50:24,elliott (ELB015),surface,8.0622998046875
2015-09-14 11:12:00,elliott (ELB015),surface,6.4952001953125
2015-10-01 20:18:08,elliott (ELB015),surface,6.8
2015-01-20 23:17:20,commencement (CMB003),surface,8.5962998046875
2015-02-12 22:43:12,commencement (CMB003),surface,7.92910009765625
2015-03-04 17:42:24,commencement (CMB003),surface,
2015-04-15 16:57:36,commencement (CMB003),surface,9.8365
2015-06-08 16:40:32,commencement (CMB003),surface,11.1836005859375
2015-07-07 16:29:52,commencement (CMB003),surface,10.983400390625
2015-08-13 13:39:12,commencement (CMB003),surface,9.4117001953125
2015-09-14 09:44:32,commencement (CMB003),surface,7.71969970703125
2015-11-10 16:53:20,commencement (CMB003),surface,6.1612001953125
2015-01-13 16:34:08,lynchcove (HCB007),surface,9.1502998046875
2015-02-24 20:41:36,lynchcove (HCB007),surface,10.6132001953125
2015-04-07 20:39:28,lynchcove (HCB007),surface,10.6975
2015-05-06 18:12:16,lynchcove (HCB007),surface,9.5881005859375
2015-08-06 13:32:48,lynchcove (HCB007),surface,9.1141005859375
2015-09-01 13:22:08,lynchcove (HCB007),surface,7.99380029296875
2015-10-08 20:22:24,lynchcove (HCB007),surface,9.019
2015-11-05 22:15:28,lynchcove (HCB007),surface,9.209099609375
2015-12-11 20:52:16,lynchcove (HCB007),surface,9.39980078125
2015-02-24 20:41:36,lynchcove (HCB007),bottom,2.465699951171875
2015-01-13 21:24:16,lynchcove2 (HCB004),surface,8.76519921875
2015-02-24 20:58:40,lynchcove2 (HCB004),surface,10.601099609375
2015-08-06 12:52:16,lynchcove2 (HCB004),surface,10.8802001953125
2015-10-08 19:48:16,lynchcove2 (HCB004),surface,10.219400390625
2015-11-05 17:42:24,lynchcove2 (HCB004),surface,8.518400390625
2015-02-24 20:58:40,lynchcove2 (HCB004),bottom,2.921099853515625
2015-03-26 22:38:56,lynchcove2 (HCB004),bottom,2.808599853515625
2015-04-07 20:07:28,lynchcove2 (HCB004),bottom,2.495
2015-05-06 18:48:32,lynchcove2 (HCB004),bottom,2.906300048828125
2015-06-11 17:50:56,lynchcove2 (HCB004),bottom,2.001699951171875
2015-07-09 21:07:12,lynchcove2 (HCB004),bottom,0.8797000122070312
2015-08-06 12:52:16,lynchcove2 (HCB004),bottom,0.36529998779296874
2015-09-01 12:41:36,lynchcove2 (HCB004),bottom,3.0552001953125
2015-10-08 19:48:16,lynchcove2 (HCB004),bottom,2.7792001953125
2015-11-05 17:42:24,lynchcove2 (HCB004),bottom,2.967099853515625
2015-12-11 19:58:56,lynchcove2 (HCB004),bottom,3.20189990234375
2015-01-22 19:33:20,carr (CRR001),surface,8.825
2015-02-18 19:09:52,carr (CRR001),surface,8.873599609375
2015-03-17 18:31:28,carr (CRR001),surface,
2015-05-04 19:09:52,carr (CRR001),surface,12.0225
2015-06-04 18:35:44,carr (CRR001),surface,11.2787998046875
2015-07-01 18:33:36,carr (CRR001),surface,11.528900390625
2015-08-04 11:41:52,carr (CRR001),surface,9.86
2015-09-15 12:13:52,carr (CRR001),surface,7.3572998046875
2015-10-06 18:35:44,carr (CRR001),surface,13.7057001953125
2015-11-09 20:03:12,carr (CRR001),surface,7.2115
2015-12-14 19:22:40,carr (CRR001),surface,
2017-08-10 20:18:08,carr (CRR001),bottom,
2015-01-22 20:11:44,sinclair (SIN001),surface,8.1492001953125
2015-02-24 17:40:16,sinclair (SIN001),surface,8.544900390625
2015-03-18 17:06:08,sinclair (SIN001),surface,9.9227998046875
2015-06-04 19:14:08,sinclair (SIN001),surface,10.31885009765625
2015-07-07 18:05:52,sinclair (SIN001),surface,11.8982001953125
2015-08-11 14:49:36,sinclair (SIN001),surface,9.6342001953125
2015-09-14 14:09:04,sinclair (SIN001),surface,12.9231005859375
2015-11-09 20:48:00,sinclair (SIN001),surface,7.2902001953125
2015-11-23 23:04:32,sinclair (SIN001),surface,8.1941005859375
2015-12-14 20:01:04,sinclair (SIN001),surface,8.6808994140625
2015-01-22 20:11:44,sinclair (SIN001),bottom,7.7112001953125
2015-02-24 17:40:16,sinclair (SIN001),bottom,8.2007001953125
2015-03-18 17:06:08,sinclair (SIN001),bottom,8.3663994140625
2015-04-07 18:33:36,sinclair (SIN001),bottom,10.532
2015-05-06 21:32:48,sinclair (SIN001),bottom,9.7927001953125
2015-07-07 18:05:52,sinclair (SIN001),bottom,9.107400390625
2015-08-11 14:49:36,sinclair (SIN001),bottom,7.87760009765625
2015-09-14 14:09:04,sinclair (SIN001),bottom,6.987599609375
2015-11-09 20:48:00,sinclair (SIN001),bottom,6.682800048828125
2015-11-23 23:04:32,sinclair (SIN001),bottom,8.0432998046875
2015-12-14 20:01:04,sinclair (SIN001),bottom,7.4705
2016-01-14 19:16:16,elliott (ELB015),surface,7.6247001953125
2016-02-11 18:31:28,elliott (ELB015),surface,8.44719970703125
2016-03-18 19:48:16,elliott (ELB015),surface,9.0087001953125
2016-05-02 18:29:20,elliott (ELB015),surface,14.7927001953125
2016-06-07 19:54:40,elliott (ELB015),surface,10.799599609375
2016-07-11 18:48:32,elliott (ELB015),surface,8.771900390625
2016-08-22 18:44:16,elliott (ELB015),surface,7.93139990234375
2016-09-29 17:18:56,elliott (ELB015),surface,6.3702001953125
2016-10-24 19:12:00,elliott (ELB015),surface,6.51730029296875
2016-11-29 19:33:20,elliott (ELB015),surface,7.0322998046875
2016-04-11 19:03:28,elliott (ELB015),bottom,7.7897001953125
2016-05-02 18:29:20,elliott (ELB015),bottom,7.9567998046875
2016-06-07 19:54:40,elliott (ELB015),bottom,6.78089990234375
2016-08-22 18:44:16,elliott (ELB015),bottom,
2016-09-29 17:18:56,elliott (ELB015),bottom,4.67160009765625
2016-10-24 19:12:00,elliott (ELB015),bottom,
2016-11-29 19:33:20,elliott (ELB015),bottom,5.52260009765625
2016-12-30 19:58:56,elliott (ELB015),bottom,7.07160009765625
2016-01-14 17:16:48,commencement (CMB003),surface,7.9257998046875
2016-04-11 17:08:16,commencement (CMB003),surface,10.034
2016-06-07 22:19:44,commencement (CMB003),surface,11.7691005859375
2016-08-22 16:53:20,commencement (CMB003),surface,8.119099609375
2016-09-14 16:42:40,commencement (CMB003),surface,7.73310009765625
2016-10-24 17:14:40,commencement (CMB003),surface,7.0447998046875
2016-11-29 17:23:12,commencement (CMB003),surface,6.9087001953125
2016-04-11 17:08:16,commencement (CMB003),bottom,
2016-05-02 16:32:00,commencement (CMB003),bottom,7.5782998046875
2016-06-07 22:19:44,commencement (CMB003),bottom,6.7537998046875
2016-07-11 16:49:04,commencement (CMB003),bottom,6.068
2016-08-22 16:53:20,commencement (CMB003),bottom,5.376900390625
2016-09-14 16:42:40,commencement (CMB003),bottom,
2016-11-29 17:23:12,commencement (CMB003),bottom,5.7157998046875
2016-12-30 17:31:44,commencement (CMB003),bottom,7.52169970703125
2016-02-10 18:25:04,lynchcove (HCB007),surface,14.963
2016-07-21 21:13:36,lynchcove (HCB007),surface,7.74980029296875
2016-08-29 20:16:00,lynchcove (HCB007),surface,8.5191005859375
2016-09-26 21:34:56,lynchcove (HCB007),surface,12.16
2016-10-20 21:47:44,lynchcove (HCB007),surface,11.425599609375
2016-11-10 21:15:44,lynchcove (HCB007),surface,9.60280078125
2016-05-12 20:16:00,lynchcove (HCB007),bottom,
2016-06-09 20:45:52,lynchcove (HCB007),bottom,1.5415
2016-08-29 20:16:00,lynchcove (HCB007),bottom,0.22310000610351563
2016-09-26 21:34:56,lynchcove (HCB007),bottom,1.272300048828125
2016-10-20 21:47:44,lynchcove (HCB007),bottom,1.402
2016-11-10 21:15:44,lynchcove (HCB007),bottom,
2016-12-16 18:37:52,lynchcove (HCB007),bottom,1.98
2016-01-07 20:41:36,lynchcove2 (HCB004),surface,12.6422001953125
2016-02-10 17:48:48,lynchcove2 (HCB004),surface,16.2490009765625
2016-05-12 19:39:44,lynchcove2 (HCB004),surface,9.820099609375
2016-06-09 20:07:28,lynchcove2 (HCB004),surface,9.9055
2016-08-29 21:20:00,lynchcove2 (HCB004),surface,8.1766005859375
2016-09-26 20:41:36,lynchcove2 (HCB004),surface,11.308099609375
2016-10-20 21:17:52,lynchcove2 (HCB004),surface,10.4202998046875
2016-11-10 20:35:12,lynchcove2 (HCB004),surface,
2016-12-16 17:59:28,lynchcove2 (HCB004),surface,10.0997998046875
2016-01-07 20:41:36,lynchcove2 (HCB004),bottom,3.348099853515625
2016-02-10 17:48:48,lynchcove2 (HCB004),bottom,3.026599853515625
2016-05-12 19:39:44,lynchcove2 (HCB004),bottom,3.098099853515625
2016-06-09 20:07:28,lynchcove2 (HCB004),bottom,2.649
2016-07-21 20:30:56,lynchcove2 (HCB004),bottom,0.8762000122070313
2016-08-29 21:20:00,lynchcove2 (HCB004),bottom,0.8285999755859375
2016-09-26 20:41:36,lynchcove2 (HCB004),bottom,3.0387001953125
2016-10-20 21:17:52,lynchcove2 (HCB004),bottom,2.752300048828125
2016-11-10 20:35:12,lynchcove2 (HCB004),bottom,2.998
2016-12-16 17:59:28,lynchcove2 (HCB004),bottom,2.459300048828125
2016-01-19 19:41:52,carr (CRR001),surface,8.0917998046875
2016-04-07 18:57:04,carr (CRR001),surface,12.3012998046875
2016-05-10 19:50:24,carr (CRR001),surface,13.4105
2016-06-08 21:32:48,carr (CRR001),surface,13.7815
2016-07-22 20:41:36,carr (CRR001),surface,
2016-08-31 00:23:28,carr (CRR001),surface,10.5237001953125
2016-09-22 18:59:12,carr (CRR001),surface,12.4303994140625
2016-10-10 20:18:08,carr (CRR001),surface,8.558400390625
2016-11-09 21:30:40,carr (CRR001),surface,
2016-12-07 21:24:16,carr (CRR001),surface,7.25930029296875
2016-04-07 18:57:04,carr (CRR001),bottom,
2016-05-10 19:50:24,carr (CRR001),bottom,
2016-08-31 00:23:28,carr (CRR001),bottom,6.04860009765625
2016-09-22 18:59:12,carr (CRR001),bottom,4.9752998046875
2016-10-10 20:18:08,carr (CRR001),bottom,5.2135
2016-11-09 21:30:40,carr (CRR001),bottom,
2017-08-10 20:18:08,carr (CRR001),bottom,
2016-01-19 20:20:16,sinclair (SIN001),surface,
2016-03-17 19:18:24,sinclair (SIN001),surface,9.1175
2016-04-07 19:48:16,sinclair (SIN001),surface,13.265400390625
2016-05-02 22:09:04,sinclair (SIN001),surface,16.3822001953125
2016-06-07 20:56:32,sinclair (SIN001),surface,10.3882998046875
2016-07-20 20:28:48,sinclair (SIN001),surface,13.4555
2016-08-22 22:32:32,sinclair (SIN001),surface,17.42819921875
2016-09-22 19:52:32,sinclair (SIN001),surface,12.33180078125
2016-10-24 20:54:24,sinclair (SIN001),surface,7.0167998046875
2016-11-21 22:45:20,sinclair (SIN001),surface,6.69
2016-01-19 20:20:16,sinclair (SIN001),bottom,7.53189990234375
2016-02-17 20:33:04,sinclair (SIN001),bottom,8.116900390625
2016-03-17 19:18:24,sinclair (SIN001),bottom,8.158
2016-04-07 19:48:16,sinclair (SIN001),bottom,10.9737998046875
2016-05-02 22:09:04,sinclair (SIN001),bottom,9.92314990234375
2016-06-07 20:56:32,sinclair (SIN001),bottom,
2016-07-20 20:28:48,sinclair (SIN001),bottom,8.13614990234375
2016-08-22 22:32:32,sinclair (SIN001),bottom,6.16539990234375
2016-09-22 19:52:32,sinclair (SIN001),bottom,7.295050048828125
2016-10-24 20:54:24,sinclair (SIN001),bottom,6.01730029296875
2016-11-21 22:45:20,sinclair (SIN001),bottom,5.832150146484375
2017-01-24 19:52:32,elliott (ELB015),surface,8.00749951171875
2017-02-27 20:20:16,elliott (ELB015),surface,8.731900390625
2017-04-28 18:57:04,elliott (ELB015),surface,10.297900390625
2017-05-25 19:14:08,elliott (ELB015),surface,13.9828994140625
2017-06-21 20:03:12,elliott (ELB015),surface,10.4832998046875
2017-07-19 18:31:28,elliott (ELB015),surface,10.38519921875
2017-08-14 19:07:44,elliott (ELB015),surface,8.500599609375
2017-09-12 18:52:48,elliott (ELB015),surface,6.6002998046875
2017-10-06 18:18:40,elliott (ELB015),surface,6.0557998046875
2017-11-06 20:30:56,elliott (ELB015),surface,6.55630029296875
2017-01-24 19:52:32,elliott (ELB015),bottom,7.61180029296875
2017-02-27 20:20:16,elliott (ELB015),bottom,7.90789990234375
2017-04-28 18:57:04,elliott (ELB015),bottom,8.08030029296875
2017-05-25 19:14:08,elliott (ELB015),bottom,8.8247001953125
2017-06-21 20:03:12,elliott (ELB015),bottom,7.7415
2017-07-19 18:31:28,elliott (ELB015),bottom,7.1142001953125
2017-08-14 19:07:44,elliott (ELB015),bottom,5.39830029296875
2017-09-12 18:52:48,elliott (ELB015),bottom,5.23810009765625
2017-10-06 18:18:40,elliott (ELB015),bottom,4.3955
2017-11-06 20:30:56,elliott (ELB015),bottom,5.3987001953125
2017-12-11 20:35:12,elliott (ELB015),bottom,6.3895
2017-02-27 17:46:40,commencement (CMB003),surface,8.6077998046875
2017-03-30 17:04:00,commencement (CMB003),surface,
2017-04-28 17:04:00,commencement (CMB003),surface,9.7612001953125
2017-05-25 17:14:40,commencement (CMB003),surface,14.815099609375
2017-06-21 22:34:40,commencement (CMB003),surface,
2017-07-19 16:32:00,commencement (CMB003),surface,13.1502001953125
2017-08-14 16:57:36,commencement (CMB003),surface,9.9842998046875
2017-09-12 16:49:04,commencement (CMB003),surface,6.0022998046875
2017-10-06 16:10:40,commencement (CMB003),surface,6.78560009765625
2017-11-06 22:21:52,commencement (CMB003),surface,6.4762998046875
2017-12-11 22:47:28,commencement (CMB003),surface,7.387400390625
2017-02-27 17:46:40,commencement (CMB003),bottom,
2017-03-30 17:04:00,commencement (CMB003),bottom,
2017-04-28 17:04:00,commencement (CMB003),bottom,
2017-05-25 17:14:40,commencement (CMB003),bottom,
2017-06-21 22:34:40,commencement (CMB003),bottom,
2017-07-19 16:32:00,commencement (CMB003),bottom,
2017-08-14 16:57:36,commencement (CMB003),bottom,
2017-09-12 16:49:04,commencement (CMB003),bottom,5.24660009765625
2017-10-06 16:10:40,commencement (CMB003),bottom,
2017-11-06 22:21:52,commencement (CMB003),bottom,4.82789990234375
2017-12-11 22:47:28,commencement (CMB003),bottom,5.42
2017-01-12 22:06:56,lynchcove (HCB007),surface,8.2315
2017-02-03 21:07:12,lynchcove (HCB007),surface,10.2448994140625
2017-03-09 22:15:28,lynchcove (HCB007),surface,10.4277998046875
2017-04-06 21:30:40,lynchcove (HCB007),surface,
2017-05-18 21:28:32,lynchcove (HCB007),surface,10.0322001953125
2017-07-06 19:44:00,lynchcove (HCB007),surface,9.202099609375
2017-08-11 22:13:20,lynchcove (HCB007),surface,8.5997998046875
2017-09-06 21:07:12,lynchcove (HCB007),surface,9.0547001953125
2017-10-05 20:54:24,lynchcove (HCB007),surface,9.893
2017-11-02 20:43:44,lynchcove (HCB007),surface,10.879400390625
2017-12-13 22:38:56,lynchcove (HCB007),surface,10.2186005859375
2017-01-12 22:06:56,lynchcove (HCB007),bottom,3.169699951171875
2017-02-03 21:07:12,lynchcove (HCB007),bottom,5.35
2017-03-09 22:15:28,lynchcove (HCB007),bottom,1.8817000732421876
2017-04-06 21:30:40,lynchcove (HCB007),bottom,
2017-05-18 21:28:32,lynchcove (HCB007),bottom,4.34819970703125
2017-07-06 19:44:00,lynchcove (HCB007),bottom,2.6277001953125
2017-08-11 22:13:20,lynchcove (HCB007),bottom,2.094
2017-09-06 21:07:12,lynchcove (HCB007),bottom,1.673199951171875
2017-10-05 20:54:24,lynchcove (HCB007),bottom,1.3959000244140625
2017-11-02 20:43:44,lynchcove (HCB007),bottom,2.96560009765625
2017-12-13 22:38:56,lynchcove (HCB007),bottom,2.138
2017-01-12 22:43:12,lynchcove2 (HCB004),surface,7.82289990234375
2017-02-03 20:33:04,lynchcove2 (HCB004),surface,
2017-03-09 21:39:12,lynchcove2 (HCB004),surface,11.3675
2017-04-06 20:58:40,lynchcove2 (HCB004),surface,
2017-06-08 22:13:20,lynchcove2 (HCB004),surface,8.6565
2017-08-11 21:41:20,lynchcove2 (HCB004),surface,9.0696005859375
2017-10-05 20:11:44,lynchcove2 (HCB004),surface,10.8182998046875
2017-11-02 20:11:44,lynchcove2 (HCB004),surface,9.9216005859375
2017-12-13 22:00:32,lynchcove2 (HCB004),surface,9.17730078125
2017-01-12 22:43:12,lynchcove2 (HCB004),bottom,3.1737001953125
2017-02-03 20:33:04,lynchcove2 (HCB004),bottom,2.916199951171875
2017-03-09 21:39:12,lynchcove2 (HCB004),bottom,3.253900146484375
2017-04-06 20:58:40,lynchcove2 (HCB004),bottom,
2017-05-18 20:52:16,lynchcove2 (HCB004),bottom,4.2442998046875
2017-06-08 22:13:20,lynchcove2 (HCB004),bottom,4.66239990234375
2017-07-06 19:03:28,lynchcove2 (HCB004),bottom,3.65960009765625
2017-08-11 21:41:20,lynchcove2 (HCB004),bottom,3.214099853515625
2017-09-06 20:26:40,lynchcove2 (HCB004),bottom,2.5687001953125
2017-10-05 20:11:44,lynchcove2 (HCB004),bottom,2.184900146484375
2017-11-02 20:11:44,lynchcove2 (HCB004),bottom,3.459800048828125
2017-12-13 22:00:32,lynchcove2 (HCB004),bottom,2.650199951171875
2017-01-11 21:52:00,carr (CRR001),surface,8.3667001953125
2017-04-05 16:38:24,carr (CRR001),surface,
2017-06-09 16:38:24,carr (CRR001),surface,11.5037001953125
2017-07-07 18:40:00,carr (CRR001),surface,12.67669921875
2017-08-10 20:18:08,carr (CRR001),surface,12.776
2017-09-07 20:54:24,carr (CRR001),surface,14.29319921875
2017-12-08 20:20:16,carr (CRR001),surface,8.0551005859375
2017-03-08 18:29:20,carr (CRR001),bottom,
2017-04-05 16:38:24,carr (CRR001),bottom,
2017-05-19 20:33:04,carr (CRR001),bottom,8.5967001953125
2017-07-07 18:40:00,carr (CRR001),bottom,
2017-08-10 20:18:08,carr (CRR001),bottom,
2017-09-07 20:54:24,carr (CRR001),bottom,5.521900390625
2017-10-04 16:42:40,carr (CRR001),bottom,5.35069970703125
2017-12-08 20:20:16,carr (CRR001),bottom,6.027599609375
2017-02-23 23:06:40,sinclair (SIN001),surface,9.2147998046875
2017-04-28 22:17:36,sinclair (SIN001),surface,10.5757998046875
2017-05-25 23:06:40,sinclair (SIN001),surface,15.251
2017-06-21 20:52:16,sinclair (SIN001),surface,10.8935
2017-07-19 22:06:56,sinclair (SIN001),surface,12.807
2017-08-14 22:21:52,sinclair (SIN001),surface,16.646099609375
2017-09-12 22:06:56,sinclair (SIN001),surface,9.174
2017-02-23 23:06:40,sinclair (SIN001),bottom,7.926650390625
2017-04-28 22:17:36,sinclair (SIN001),bottom,9.0349501953125
2017-05-25 23:06:40,sinclair (SIN001),bottom,10.89805029296875
2017-06-21 20:52:16,sinclair (SIN001),bottom,8.0550498046875
2017-07-19 22:06:56,sinclair (SIN001),bottom,7.7782998046875
2017-08-14 22:21:52,sinclair (SIN001),bottom,6.35044970703125
2017-09-12 22:06:56,sinclair (SIN001),bottom,6.08635009765625
2017-10-23 17:01:52,sinclair (SIN001),bottom,5.904400146484375
2018-01-23 19:44:00,elliott (ELB015),surface,
2018-02-15 19:48:16,elliott (ELB015),surface,9.120099609375
2018-03-12 20:13:52,elliott (ELB015),surface,9.1972001953125
2018-04-03 19:20:32,elliott (ELB015),surface,8.706400390625
2018-05-01 19:05:36,elliott (ELB015),surface,9.9795
2018-06-05 18:52:48,elliott (ELB015),surface,8.35630078125
2018-07-16 18:44:16,elliott (ELB015),surface,7.90139990234375
2018-08-27 20:43:44,elliott (ELB015),surface,7.2917998046875
2018-09-26 19:03:28,elliott (ELB015),surface,
2018-10-12 18:57:04,elliott (ELB015),surface,6.28280029296875
2018-01-23 19:44:00,elliott (ELB015),bottom,6.86019970703125
2018-02-15 19:48:16,elliott (ELB015),bottom,7.44910009765625
2018-03-12 20:13:52,elliott (ELB015),bottom,7.65239990234375
2018-04-03 19:20:32,elliott (ELB015),bottom,7.82530029296875
2018-05-01 19:05:36,elliott (ELB015),bottom,7.681
2018-06-05 18:52:48,elliott (ELB015),bottom,
2018-07-16 18:44:16,elliott (ELB015),bottom,5.91669970703125
2018-08-27 20:43:44,elliott (ELB015),bottom,
2018-09-26 19:03:28,elliott (ELB015),bottom,4.876
2018-10-12 18:57:04,elliott (ELB015),bottom,5.0302001953125
2018-11-13 19:54:40,elliott (ELB015),bottom,
2018-02-15 21:54:08,commencement (CMB003),surface,9.2747001953125
2018-04-03 17:18:56,commencement (CMB003),surface,9.9052001953125
2018-05-01 17:08:16,commencement (CMB003),surface,11.02980078125
2018-06-05 20:50:08,commencement (CMB003),surface,13.890400390625
2018-07-16 20:41:36,commencement (CMB003),surface,7.98589990234375
2018-08-27 16:27:44,commencement (CMB003),surface,
2018-09-26 21:26:24,commencement (CMB003),surface,
2018-10-12 21:22:08,commencement (CMB003),surface,6.47089990234375
2018-11-13 16:19:12,commencement (CMB003),surface,7.13760009765625
2018-01-23 17:27:28,commencement (CMB003),bottom,6.8622998046875
2018-02-15 21:54:08,commencement (CMB003),bottom,6.7607001953125
2018-03-12 15:57:52,commencement (CMB003),bottom,6.9485
2018-04-03 17:18:56,commencement (CMB003),bottom,7.58069970703125
2018-05-01 17:08:16,commencement (CMB003),bottom,7.3517998046875
2018-06-05 20:50:08,commencement (CMB003),bottom,6.9657001953125
2018-07-16 20:41:36,commencement (CMB003),bottom,5.70569970703125
2018-08-27 16:27:44,commencement (CMB003),bottom,
2018-09-26 21:26:24,commencement (CMB003),bottom,4.86210009765625
2018-10-12 21:22:08,commencement (CMB003),bottom,4.728099609375
2018-11-13 16:19:12,commencement (CMB003),bottom,
2018-01-17 22:04:48,lynchcove (HCB007),surface,
2018-04-19 20:37:20,lynchcove (HCB007),surface,11.143099609375
2018-06-07 20:58:40,lynchcove (HCB007),surface,9.4122998046875
2018-07-13 20:13:52,lynchcove (HCB007),surface,8.7577001953125
2018-08-03 18:57:04,lynchcove (HCB007),surface,8.69480078125
2018-10-11 16:51:12,lynchcove (HCB007),surface,11.788
2018-12-06 22:56:00,lynchcove (HCB007),surface,
2018-01-17 22:04:48,lynchcove (HCB007),bottom,2.361699951171875
2018-02-01 21:45:36,lynchcove (HCB007),bottom,2.424300048828125
2018-03-08 20:37:20,lynchcove (HCB007),bottom,4.91575
2018-04-19 20:37:20,lynchcove (HCB007),bottom,2.211800048828125
2018-05-10 20:33:04,lynchcove (HCB007),bottom,1.5895999755859376
2018-06-07 20:58:40,lynchcove (HCB007),bottom,1.499699951171875
2018-07-13 20:13:52,lynchcove (HCB007),bottom,1.8737000732421876
2018-08-03 18:57:04,lynchcove (HCB007),bottom,0.819
2018-10-11 16:51:12,lynchcove (HCB007),bottom,1.45089990234375
2018-12-06 22:56:00,lynchcove (HCB007),bottom,1.0702999267578126
2018-01-17 21:34:56,lynchcove2 (HCB004),surface,
2018-03-08 20:07:28,lynchcove2 (HCB004),surface,13.0692998046875
2018-04-19 20:05:20,lynchcove2 (HCB004),surface,
2018-05-10 20:05:20,lynchcove2 (HCB004),surface,11.591099609375
2018-06-07 20:30:56,lynchcove2 (HCB004),surface,9.6806005859375
2018-07-13 19:37:36,lynchcove2 (HCB004),surface,9.2603994140625
2018-08-03 18:25:04,lynchcove2 (HCB004),surface,9.1008994140625
2018-09-06 23:23:44,lynchcove2 (HCB004),surface,7.87930029296875
2018-10-11 17:23:12,lynchcove2 (HCB004),surface,11.0127998046875
2018-12-06 22:06:56,lynchcove2 (HCB004),surface,
2018-01-17 21:34:56,lynchcove2 (HCB004),bottom,3.543199951171875
2018-02-01 21:13:36,lynchcove2 (HCB004),bottom,3.48510009765625
2018-03-08 20:07:28,lynchcove2 (HCB004),bottom,3.68810009765625
2018-04-19 20:05:20,lynchcove2 (HCB004),bottom,3.4267001953125
2018-05-10 20:05:20,lynchcove2 (HCB004),bottom,3.345
2018-06-07 20:30:56,lynchcove2 (HCB004),bottom,2.918699951171875
2018-07-13 19:37:36,lynchcove2 (HCB004),bottom,1.871
2018-08-03 18:25:04,lynchcove2 (HCB004),bottom,1.987699951171875
2018-09-06 23:23:44,lynchcove2 (HCB004),bottom,1.318699951171875
2018-12-06 22:06:56,lynchcove2 (HCB004),bottom,2.23860009765625
2018-04-20 19:05:36,carr (CRR001),surface,15.3577998046875
2018-05-14 21:02:56,carr (CRR001),surface,14.346
2018-06-08 18:20:48,carr (CRR001),surface,13.393099609375
2018-07-10 18:22:56,carr (CRR001),surface,12.955
2018-08-02 18:54:56,carr (CRR001),surface,11.7512998046875
2018-09-07 19:12:00,carr (CRR001),surface,10.727599609375
2018-10-09 19:39:44,carr (CRR001),surface,10.987400390625
2018-11-15 19:44:00,carr (CRR001),surface,6.4512001953125
2018-12-10 20:05:20,carr (CRR001),surface,6.6577001953125
2017-08-10 20:18:08,carr (CRR001),bottom,
2018-01-12 21:11:28,carr (CRR001),bottom,7.1957998046875
2018-02-02 18:05:52,carr (CRR001),bottom,6.7515
2018-03-09 19:41:52,carr (CRR001),bottom,
2018-07-10 18:22:56,carr (CRR001),bottom,
2018-08-02 18:54:56,carr (CRR001),bottom,5.5917001953125
2018-10-09 19:39:44,carr (CRR001),bottom,5.831
2018-11-15 19:44:00,carr (CRR001),bottom,
2018-12-10 20:05:20,carr (CRR001),bottom,
2018-01-10 22:15:28,sinclair (SIN001),surface,8.1547001953125
2018-03-07 22:51:44,sinclair (SIN001),surface,9.5425
2018-04-03 22:02:40,sinclair (SIN001),surface,9.8365
2018-05-01 21:56:16,sinclair (SIN001),surface,13.742
2018-06-05 18:18:40,sinclair (SIN001),surface,14.4782998046875
2018-07-17 21:32:48,sinclair (SIN001),surface,16.7485
2018-09-26 17:14:40,sinclair (SIN001),surface,
2018-11-13 19:01:20,sinclair (SIN001),surface,7.3877001953125
2018-01-10 22:15:28,sinclair (SIN001),bottom,7.286699951171875
2018-03-07 22:51:44,sinclair (SIN001),bottom,8.262599853515624
2018-04-03 22:02:40,sinclair (SIN001),bottom,8.533249755859375
2018-05-01 21:56:16,sinclair (SIN001),bottom,10.2650498046875
2018-06-05 18:18:40,sinclair (SIN001),bottom,9.919400390625
2018-07-17 21:32:48,sinclair (SIN001),bottom,6.33010009765625
2018-09-26 17:14:40,sinclair (SIN001),bottom,8.156900390625
2018-11-13 19:01:20,sinclair (SIN001),bottom,7.0875
2019-01-11 21:13:36,elliott (ELB015),surface,8.0967998046875
2019-04-04 17:46:40,elliott (ELB015),surface,
2019-05-07 18:01:36,elliott (ELB015),surface,10.8128994140625
2019-06-07 17:08:16,elliott (ELB015),surface,11.725
2019-07-08 17:25:20,elliott (ELB015),surface,8.8923994140625
2019-08-09 17:29:36,elliott (ELB015),surface,7.3857998046875
2019-09-06 17:55:12,elliott (ELB015),surface,6.466
2019-10-10 18:44:16,elliott (ELB015),surface,
2019-01-11 21:13:36,elliott (ELB015),bottom,6.8962998046875
2019-03-15 19:14:08,elliott (ELB015),bottom,8.284099609375
2019-04-04 17:46:40,elliott (ELB015),bottom,8.281599609375
2019-05-07 18:01:36,elliott (ELB015),bottom,8.1056005859375
2019-06-07 17:08:16,elliott (ELB015),bottom,7.3887001953125
2019-07-08 17:25:20,elliott (ELB015),bottom,
2019-09-06 17:55:12,elliott (ELB015),bottom,
2019-10-10 18:44:16,elliott (ELB015),bottom,5.27580029296875
2019-11-08 19:39:44,elliott (ELB015),bottom,5.99730029296875
2019-12-09 21:43:28,elliott (ELB015),bottom,6.3795
2019-01-11 23:08:48,commencement (CMB003),surface,7.53389990234375
2019-03-15 21:17:52,commencement (CMB003),surface,
2019-04-04 15:34:24,commencement (CMB003),surface,9.4113994140625
2019-05-07 22:49:36,commencement (CMB003),surface,15.05
2019-06-07 15:00:16,commencement (CMB003),surface,
2019-08-09 15:25:52,commencement (CMB003),surface,8.2232001953125
2019-09-06 15:32:16,commencement (CMB003),surface,7.2832998046875
2019-10-10 16:36:16,commencement (CMB003),surface,6.71310009765625
2019-11-08 17:25:20,commencement (CMB003),surface,6.5812998046875
2019-01-11 23:08:48,commencement (CMB003),bottom,6.51710009765625
2019-04-04 15:34:24,commencement (CMB003),bottom,8.2828994140625
2019-06-07 15:00:16,commencement (CMB003),bottom,7.09630029296875
2019-08-09 15:25:52,commencement (CMB003),bottom,5.43769970703125
2019-09-06 15:32:16,commencement (CMB003),bottom,5.32980029296875
2019-10-10 16:36:16,commencement (CMB003),bottom,4.98789990234375
2019-11-08 17:25:20,commencement (CMB003),bottom,5.46460009765625
2019-12-09 19:35:28,commencement (CMB003),bottom,
2019-03-21 19:58:56,lynchcove (HCB007),surface,11.08180078125
2019-04-19 20:43:44,lynchcove (HCB007),surface,10.1882001953125
2019-05-09 20:52:16,lynchcove (HCB007),surface,9.5867001953125
2019-06-06 17:04:00,lynchcove (HCB007),surface,
2019-07-11 21:41:20,lynchcove (HCB007),surface,
2019-08-16 21:17:52,lynchcove (HCB007),surface,8.5397998046875
2019-09-05 21:05:04,lynchcove (HCB007),surface,8.1892001953125
2019-10-04 19:18:24,lynchcove (HCB007),surface,9.601900390625
2019-12-05 21:32:48,lynchcove (HCB007),surface,7.852
2019-01-15 19:37:36,lynchcove (HCB007),bottom,2.006
2019-02-28 21:30:40,lynchcove (HCB007),bottom,3.6125
2019-03-21 19:58:56,lynchcove (HCB007),bottom,
2019-04-19 20:43:44,lynchcove (HCB007),bottom,
2019-05-09 20:52:16,lynchcove (HCB007),bottom,
2019-09-05 21:05:04,lynchcove (HCB007),bottom,1.288699951171875
2019-10-04 19:18:24,lynchcove (HCB007),bottom,0.5757999877929687
2019-12-05 21:32:48,lynchcove (HCB007),bottom,2.7967998046875
2019-03-21 19:29:04,lynchcove2 (HCB004),surface,10.8882998046875
2019-04-19 20:07:28,lynchcove2 (HCB004),surface,10.3967001953125
2019-05-09 20:11:44,lynchcove2 (HCB004),surface,
2019-07-11 21:05:04,lynchcove2 (HCB004),surface,9.0457001953125
2019-08-16 20:45:52,lynchcove2 (HCB004),surface,9.0103994140625
2019-09-05 20:35:12,lynchcove2 (HCB004),surface,9.0012998046875
2019-10-04 19:50:24,lynchcove2 (HCB004),surface,
2019-03-21 19:29:04,lynchcove2 (HCB004),bottom,3.2905
2019-04-19 20:07:28,lynchcove2 (HCB004),bottom,3.124599853515625
2019-05-09 20:11:44,lynchcove2 (HCB004),bottom,3.679800048828125
2019-08-16 20:45:52,lynchcove2 (HCB004),bottom,1.7945999755859374
2019-10-04 19:50:24,lynchcove2 (HCB004),bottom,2.357800048828125
2019-12-05 21:00:48,lynchcove2 (HCB004),bottom,3.101900146484375
2019-01-07 21:28:32,carr (CRR001),surface,7.9447998046875
2019-02-26 19:01:20,carr (CRR001),surface,8.4758994140625
2019-03-19 19:07:44,carr (CRR001),surface,11.8627998046875
2019-04-08 18:03:44,carr (CRR001),surface,9.81630078125
2019-06-10 19:29:04,carr (CRR001),surface,12.344900390625
2019-07-12 18:18:40,carr (CRR001),surface,
2019-08-08 18:37:52,carr (CRR001),surface,9.983
2019-09-09 19:24:48,carr (CRR001),surface,9.0698994140625
2019-10-07 19:01:20,carr (CRR001),surface,7.871
2019-11-21 20:13:52,carr (CRR001),surface,6.547599609375
2017-08-10 20:18:08,carr (CRR001),bottom,
2019-01-07 21:28:32,carr (CRR001),bottom,7.4692001953125
2019-02-26 19:01:20,carr (CRR001),bottom,8.085900390625
2019-04-08 18:03:44,carr (CRR001),bottom,
2019-05-03 17:27:28,carr (CRR001),bottom,
2019-06-10 19:29:04,carr (CRR001),bottom,8.14739990234375
2019-10-07 19:01:20,carr (CRR001),bottom,5.37389990234375
2019-11-21 20:13:52,carr (CRR001),bottom,6.23369970703125
2019-12-19 19:37:36,carr (CRR001),bottom,6.8132001953125
2019-01-11 19:41:52,sinclair (SIN001),surface,7.8997998046875
2019-03-15 15:53:36,sinclair (SIN001),surface,13.2232001953125
2019-04-04 21:41:20,sinclair (SIN001),surface,12.1582001953125
2019-05-07 21:32:48,sinclair (SIN001),surface,14.1447001953125
2019-06-07 20:35:12,sinclair (SIN001),surface,11.9905
2019-07-08 21:00:48,sinclair (SIN001),surface,8.3991005859375
2019-08-09 21:13:36,sinclair (SIN001),surface,9.367099609375
2019-09-06 21:49:52,sinclair (SIN001),surface,10.61769921875
2019-10-10 22:06:56,sinclair (SIN001),surface,8.7168994140625
2019-01-11 19:41:52,sinclair (SIN001),bottom,7.615
2019-03-15 15:53:36,sinclair (SIN001),bottom,9.3815
2019-04-04 21:41:20,sinclair (SIN001),bottom,11.2376005859375
2019-05-07 21:32:48,sinclair (SIN001),bottom,10.6618994140625
2019-06-07 20:35:12,sinclair (SIN001),bottom,9.55389990234375
2019-07-08 21:00:48,sinclair (SIN001),bottom,8.1145
2019-08-09 21:13:36,sinclair (SIN001),bottom,7.675
2019-09-06 21:49:52,sinclair (SIN001),bottom,7.468599609375
2019-10-10 22:06:56,sinclair (SIN001),bottom,7.816849609375
2019-12-09 23:49:20,sinclair (SIN001),bottom,
2020-02-27 20:48:00,elliott (ELB015),surface,8.037099609375
2020-01-17 18:31:28,elliott (ELB015),bottom,6.66830029296875
2020-02-27 20:48:00,elliott (ELB015),bottom,7.524699951171875
2020-12-01 19:33:20,elliott (ELB015),bottom,6.17
2020-02-27 18:52:48,commencement (CMB003),surface,7.93380029296875
2020-12-01 17:18:56,commencement (CMB003),surface,6.5967998046875
2020-01-17 16:36:16,commencement (CMB003),bottom,6.466
2020-02-27 18:52:48,commencement (CMB003),bottom,7.02860009765625
2020-12-01 17:18:56,commencement (CMB003),bottom,5.6655
2020-03-06 22:06:56,lynchcove (HCB007),surface,
2020-11-03 18:25:04,lynchcove (HCB007),surface,12.497599609375
2020-12-02 17:55:12,lynchcove (HCB007),surface,7.88360009765625
2020-01-10 21:47:44,lynchcove (HCB007),bottom,
2020-03-06 22:06:56,lynchcove (HCB007),bottom,
2020-11-03 18:25:04,lynchcove (HCB007),bottom,
2020-01-10 21:17:52,lynchcove2 (HCB004),surface,8.9935
2020-11-03 19:01:20,lynchcove2 (HCB004),surface,12.8383994140625
2020-12-02 18:27:12,lynchcove2 (HCB004),surface,
2020-01-10 21:17:52,lynchcove2 (HCB004),bottom,4.1112998046875
2020-03-06 21:37:04,lynchcove2 (HCB004),bottom,5.55189990234375
2020-11-03 19:01:20,lynchcove2 (HCB004),bottom,1.3635
2020-12-02 18:27:12,lynchcove2 (HCB004),bottom,1.9967000732421876
2020-03-09 19:41:52,carr (CRR001),surface,
2020-10-21 20:45:52,carr (CRR001),surface,7.5777001953125
2017-08-10 20:18:08,carr (CRR001),bottom,
2020-02-11 20:28:48,carr (CRR001),bottom,
2020-03-09 19:41:52,carr (CRR001),bottom,
2020-11-23 19:50:24,carr (CRR001),bottom,
2020-12-22 19:44:00,carr (CRR001),bottom,6.76539990234375
2020-02-27 22:26:08,sinclair (SIN001),surface,8.870900390625
2020-12-01 21:49:52,sinclair (SIN001),surface,7.1472001953125
2020-01-17 20:30:56,sinclair (SIN001),bottom,
2020-02-27 22:26:08,sinclair (SIN001),bottom,8.3267001953125
2020-12-01 21:49:52,sinclair (SIN001),bottom,7.16885009765625
